{
  "challenger": "synthetic_positive_control",
  "baseline_arch": "ff",
  "mode": "scores",
  "seed_matched": true,
  "n_cells": 15,
  "fold_means": {
    "0": 0.05000007569540917,
    "1": 0.05000036714837206,
    "2": 0.04999977509357747,
    "3": 0.050000150809693396,
    "4": 0.0500002097266589
  },
  "delta_mcc": 0.0500001156947422,
  "ci95": [
    0.04999992538002384,
    0.050000272695344156
  ],
  "ci95_fold_t": [
    0.04999984443087686,
    0.05000038695860754
  ],
  "p_fold": 8.747392866606551e-23,
  "k": 1,
  "k_declared": true,
  "p_bonf": 8.747392866606551e-23,
  "seed_contract_met": true,
  "assembly_verified": true,
  "anchor_deltas": {
    "0": -0.025582666666666663,
    "1": 0.058655000000000006,
    "2": 0.02844633333333333,
    "3": 0.065313,
    "4": 0.06354033333333334
  },
  "anchor_cleared": true,
  "anchor_p": 0.09205701589698694,
  "pooled_d": 180608.00254115218,
  "verdict": "SUPPORTED"
}