{
  "challenger": "demo_price_news_ff",
  "baseline_arch": "ff",
  "seed_matched": true,
  "n_cells": 15,
  "fold_means": {
    "0": 0.015147583465482534,
    "1": 0.0057290707851601,
    "2": -0.002365345887060199,
    "3": 0.0019185633790196664,
    "4": -0.0038211399126111684
  },
  "delta_mcc": 0.0033217463659981866,
  "ci95": [
    -0.0019155923698321031,
    0.009761295058909499
  ],
  "p_fold": 0.38369050563035506,
  "k": 1,
  "p_bonf": 0.38369050563035506,
  "pooled_d": 0.20469219657545346,
  "verdict": "WITHIN THE REFERENCE NULL"
}