{
  "challenger": "demo_price_news_ff",
  "baseline_arch": "envelope",
  "seed_matched": true,
  "n_cells": 15,
  "fold_means": {
    "0": 0.0016221190258569676,
    "1": -0.0006842289638506992,
    "2": -0.002365345887060199,
    "3": -0.0171122023078233,
    "4": -0.014610879001807102
  },
  "delta_mcc": -0.006630107426936867,
  "ci95": [
    -0.01332634297782554,
    -9.791315260953259e-05
  ],
  "ci95_fold_t": [
    -0.01729700448603916,
    0.004036789632165429
  ],
  "p_fold": 0.15947811328532907,
  "k": 1,
  "k_declared": true,
  "p_bonf": 0.15947811328532907,
  "seed_contract_met": true,
  "pooled_d": -0.4539527365281824,
  "verdict": "WITHIN THE REFERENCE NULL"
}