{
  "challenger": "demo_price_news_ff",
  "baseline_arch": "ff",
  "mode": "scores",
  "seed_matched": true,
  "n_cells": 15,
  "fold_means": {
    "0": 0.015147583465482534,
    "1": 0.0057290707851601,
    "2": -0.002365345887060199,
    "3": 0.0019185633790196664,
    "4": -0.0038211399126111684
  },
  "delta_mcc": 0.003321746365998186,
  "ci95": [
    -0.0019155923698321031,
    0.009761295058909499
  ],
  "ci95_fold_t": [
    -0.006113641917270326,
    0.0127571346492667
  ],
  "p_fold": 0.38369050563035506,
  "k": 1,
  "k_declared": true,
  "p_bonf": 0.38369050563035506,
  "seed_contract_met": true,
  "assembly_verified": true,
  "anchor_deltas": {
    "0": -0.06043515889659329,
    "1": 0.014383703636788035,
    "2": -0.023918787647304332,
    "3": 0.017231412569326268,
    "4": 0.009718983694063266
  },
  "anchor_cleared": false,
  "anchor_p": 0.5950783803111499,
  "pooled_d": 0.20469219657545346,
  "verdict": "WITHIN THE REFERENCE NULL"
}