{
  "P+N": {
    "delta_mcc": 0.0021565330012351166,
    "ci95_fold_t": [
      -0.0067662468293198386,
      0.011079312831790072
    ],
    "p_fold": 0.5389564190489273,
    "p_bonf": 1.0
  },
  "P+M": {
    "delta_mcc": -0.003451129479003509,
    "ci95_fold_t": [
      -0.02892873778906911,
      0.02202647883106209
    ],
    "p_fold": 0.7259470212924192,
    "p_bonf": 1.0
  },
  "P+S": {
    "delta_mcc": -0.004709974440852271,
    "ci95_fold_t": [
      -0.010080970798999812,
      0.0006610219172952731
    ],
    "p_fold": 0.07161351639202747,
    "p_bonf": 0.5729081311362197
  },
  "P+G": {
    "delta_mcc": 0.009040095003577785,
    "ci95_fold_t": [
      -0.004448605384869839,
      0.02252879539202541
    ],
    "p_fold": 0.13627940133965352,
    "p_bonf": 1.0
  },
  "P+N+M": {
    "delta_mcc": -0.014246055236776812,
    "ci95_fold_t": [
      -0.0317435897434279,
      0.003251479269874279
    ],
    "p_fold": 0.08663137023341655,
    "p_bonf": 0.6930509618673324
  },
  "P+M+S": {
    "delta_mcc": -0.003241226986871987,
    "ci95_fold_t": [
      -0.026274415678878175,
      0.0197919617051342
    ],
    "p_fold": 0.7159342145819473,
    "p_bonf": 1.0
  },
  "P+M+G": {
    "delta_mcc": -0.0017207052801248384,
    "ci95_fold_t": [
      -0.03404299087339105,
      0.030601580313141377
    ],
    "p_fold": 0.8896467977153506,
    "p_bonf": 1.0
  },
  "P+N+M+S": {
    "delta_mcc": -0.00541112190841009,
    "ci95_fold_t": [
      -0.019701674200185496,
      0.008879430383365316
    ],
    "p_fold": 0.35243672908807977,
    "p_bonf": 1.0
  }
}
